﻿<?xml version="1.0" encoding="UTF-8" standalone="yes"?>
<addon id="service.subtitles.zimuzusub"
       name="ZiMuZu"
       version="1.0.0"
       provider-name="taxigps">
  <requires>
    <import addon="xbmc.python" version="2.1.0"/>
    <import addon="script.module.simplejson" version="3.3.0"/>
    <import addon="script.module.beautifulsoup4" version="4.3.2"/>
  </requires>
  <extension point="xbmc.subtitle.module"
             library="service.py" />
  <extension point="xbmc.addon.metadata">
    <summary lang="en">zimuzu subtitle</summary>
    <summary lang="zh">字幕组</summary>
    <description lang="en">Search and download subtitles from www.zimuzu.tv</description>
    <description lang="zh">从 www.zimuzu.tv 下载字幕</description>
  </extension>
</addon>
